category,test,acceptance_or_method,date,sample_and_conditions,measured_result,pass_fail,notes
Optics,Individual cell walk,All ten GPIO pads light intended cells only,,,,,
Optics,Adjacent dark cell leakage,Starting target: peak <=15% of lit cell at fixed exposure,,,,,
Optics,High relief brightness,Starting target: >=40% of comparable flat shell brightness,,,,,
Optics,Appearance,Warm local patches recognizable at home viewing distance; unlit surface charcoal,,,,,
Fit,Magnet coupon,Pocket/retention measured; no cracking; polarity and seating rim correct,,,,,
Fit,Repeated panel service,"50 removal cycles, no slipping, loosened magnets or seam damage",,,,,
Fit,Full panel / cage joint,One full panel and drilled spoke-joint trial before bulk print,,,,,
Structure,Static load / sag,Measure installed mass and deflection; investigate departure from beam estimate,,,,,
Structure,Tip stability,Measured CG/feet/friction; restrained slow tilt / side load; no drop test implied,,,,,
Electrical,Matrix first board,"No unreviewed ERC/DRC; verified pinout, addresses, current, SDB, mapping",,,,,
Electrical,I2C rise time,Measure every branch worst case; confirm selected frequency and pull-ups,,,,,
Electrical,Complete sector cell walk,Every configured channel and tile label correct,,,,,
Thermal,Two-hour warm-up,Maximum commissioned pattern; record hot spots and surface; verify limits,,,,,
Fault,Temperature disconnect / hot input,Affected sector blanks and reports fault,,,,,
Fault,RS485 loss,Local blank within 60 seconds; travel record retained,,,,,
Fault,INA260 unplug or out-of-range load,Relay opens and latches; confirm failure-off at startup,,,,,
Fault,Protected branch short,"Qualified person, current-limited supply; verify fuse/PTC response and wire temperature",,,,,
Fault,Host/OS failure,Measure relay state; add independent watchdog if required,,,,,
Storage,Interrupted saves and unplug/restart,At least 50 trials: last acknowledged coordinates/radius/brightness return,,,,,
Storage,SD corruption / FRAM recovery,Latest valid coordinate record restored; generated names expected,,,,,
Procurement,Supplier review / quotes,"Dimensions, materials, LED polarity, tolerances, print supports and cost accepted",,,,,
