sector,mux_channel,tile_order,approx_total_cable_mm,pullups,bus_clock_hz,maximum_target_cable_mm
0,0,3;2;1;0,209,one pair 2.2k to local 3V3,100000,350
0,1,7;4;5;6,280,one pair 2.2k to local 3V3,100000,350
0,2,9;10;11;8,260,one pair 2.2k to local 3V3,100000,350
0,3,14;13;15;12,237,one pair 2.2k to local 3V3,100000,350
1,0,19;18;17;16,209,one pair 2.2k to local 3V3,100000,350
1,1,20;21;22;23,321,one pair 2.2k to local 3V3,100000,350
1,2,25;24;27,214,one pair 2.2k to local 3V3,100000,350
1,3,28;29,131,one pair 2.2k to local 3V3,100000,350
2,0,35;34;33;32,209,one pair 2.2k to local 3V3,100000,350
2,1,39,86,one pair 2.2k to local 3V3,100000,350
2,2,41;40,117,one pair 2.2k to local 3V3,100000,350
2,3,46;45;47;44,237,one pair 2.2k to local 3V3,100000,350
3,0,51;50;49;48,209,one pair 2.2k to local 3V3,100000,350
3,1,55;52;53;54,280,one pair 2.2k to local 3V3,100000,350
3,2,57;56;58;59,232,one pair 2.2k to local 3V3,100000,350
3,3,60;61;62,177,one pair 2.2k to local 3V3,100000,350
4,0,67;66;65;64,209,one pair 2.2k to local 3V3,100000,350
4,1,71,86,one pair 2.2k to local 3V3,100000,350
4,2,73;74;75;72,260,one pair 2.2k to local 3V3,100000,350
4,3,76;77;79;78,237,one pair 2.2k to local 3V3,100000,350
5,0,83;82;81;80,209,one pair 2.2k to local 3V3,100000,350
5,1,87;84;85;86,280,one pair 2.2k to local 3V3,100000,350
5,2,89;88;90;91,232,one pair 2.2k to local 3V3,100000,350
5,3,92;93;94,177,one pair 2.2k to local 3V3,100000,350
6,0,99;98;97;96,209,one pair 2.2k to local 3V3,100000,350
6,1,100;101;102;103,321,one pair 2.2k to local 3V3,100000,350
6,2,105;104;106;107,232,one pair 2.2k to local 3V3,100000,350
6,3,108;109,131,one pair 2.2k to local 3V3,100000,350
7,0,115;114;113;112,209,one pair 2.2k to local 3V3,100000,350
7,1,119;116;118,256,one pair 2.2k to local 3V3,100000,350
7,2,121;120,117,one pair 2.2k to local 3V3,100000,350
7,3,124;125;127,173,one pair 2.2k to local 3V3,100000,350
8,0,131;130,122,one pair 2.2k to local 3V3,100000,350
8,1,135;132;133;134,280,one pair 2.2k to local 3V3,100000,350
8,2,137;138;139;136,260,one pair 2.2k to local 3V3,100000,350
8,3,140;141;143,173,one pair 2.2k to local 3V3,100000,350
9,0,146;144,150,one pair 2.2k to local 3V3,100000,350
9,1,149,90,one pair 2.2k to local 3V3,100000,350
9,2,155,86,one pair 2.2k to local 3V3,100000,350
9,3,158;157;156,177,one pair 2.2k to local 3V3,100000,350
10,0,163;162;161;160,209,one pair 2.2k to local 3V3,100000,350
10,1,167,86,one pair 2.2k to local 3V3,100000,350
10,2,169;170;171;168,260,one pair 2.2k to local 3V3,100000,350
10,3,174;172,154,one pair 2.2k to local 3V3,100000,350
11,0,179;178;177;176,209,one pair 2.2k to local 3V3,100000,350
11,1,180;183,193,one pair 2.2k to local 3V3,100000,350
11,2,185;184;186;187,232,one pair 2.2k to local 3V3,100000,350
11,3,190;189;191;188,237,one pair 2.2k to local 3V3,100000,350
12,0,194;192,150,one pair 2.2k to local 3V3,100000,350
12,1,197;198,132,one pair 2.2k to local 3V3,100000,350
12,2,200,77,one pair 2.2k to local 3V3,100000,350
12,3,205;207,132,one pair 2.2k to local 3V3,100000,350
13,0,208,106,one pair 2.2k to local 3V3,100000,350
13,1,215,86,one pair 2.2k to local 3V3,100000,350
13,3,220;221,131,one pair 2.2k to local 3V3,100000,350
14,0,227;226;225;224,209,one pair 2.2k to local 3V3,100000,350
14,1,231;228;229,238,one pair 2.2k to local 3V3,100000,350
14,2,233;234;235,163,one pair 2.2k to local 3V3,100000,350
14,3,237,90,one pair 2.2k to local 3V3,100000,350
15,0,243;242;241,167,one pair 2.2k to local 3V3,100000,350
15,1,247,86,one pair 2.2k to local 3V3,100000,350
15,2,249;248;250;251,232,one pair 2.2k to local 3V3,100000,350
15,3,254;253;255;252,237,one pair 2.2k to local 3V3,100000,350
16,0,259;258;257;256,209,one pair 2.2k to local 3V3,100000,350
16,1,260;263,193,one pair 2.2k to local 3V3,100000,350
16,2,265;266;267;264,260,one pair 2.2k to local 3V3,100000,350
16,3,268;269;271;270,237,one pair 2.2k to local 3V3,100000,350
17,0,273;272,132,one pair 2.2k to local 3V3,100000,350
17,1,279;278,235,one pair 2.2k to local 3V3,100000,350
17,2,280,77,one pair 2.2k to local 3V3,100000,350
17,3,286;285;287;284,237,one pair 2.2k to local 3V3,100000,350
18,0,289,90,one pair 2.2k to local 3V3,100000,350
18,1,295,86,one pair 2.2k to local 3V3,100000,350
18,2,297;298;296,187,one pair 2.2k to local 3V3,100000,350
18,3,300;301;303;302,237,one pair 2.2k to local 3V3,100000,350
19,0,306,86,one pair 2.2k to local 3V3,100000,350
19,1,311;308;309,238,one pair 2.2k to local 3V3,100000,350
19,2,315,86,one pair 2.2k to local 3V3,100000,350
19,3,318,86,one pair 2.2k to local 3V3,100000,350
