chain_position,sector,previous,rs485_cut_allowance_mm,termination_120ohm,power_fuse_branch,power_branch_750mA,local_input_PTC_mA
1,14,base,140,False,A,True,350
2,19,14,120,False,A,True,350
3,5,19,120,False,A,True,350
4,15,5,120,False,A,True,350
5,6,15,120,False,A,True,350
6,0,6,120,False,A,True,350
7,1,0,120,False,A,True,350
8,2,1,120,False,A,True,350
9,9,2,120,False,A,True,350
10,18,9,120,False,A,True,350
11,8,18,120,False,B,True,350
12,3,8,120,False,B,True,350
13,4,3,120,False,B,True,350
14,7,4,120,False,B,True,350
15,17,7,120,False,B,True,350
16,12,17,120,False,B,True,350
17,11,12,120,False,B,True,350
18,16,11,120,False,B,True,350
19,10,16,170,False,B,True,350
20,13,10,170,True,B,True,350
