tile,printed_label,sector,board_type,mux_channel,i2c_address,bridge_exactly_one,leds,baffle
0,S00-T00,0,0,0,0x30,JP1,112,baffle-type-00.stl
1,S00-T01,0,1,0,0x31,JP2,142,baffle-type-01.stl
2,S00-T02,0,2,0,0x32,JP3,151,baffle-type-02.stl
3,S00-T03,0,3,0,0x33,JP4,164,baffle-type-03.stl
4,S00-T04,0,4,1,0x30,JP1,151,baffle-type-04.stl
5,S00-T05,0,1,1,0x31,JP2,142,baffle-type-01.stl
6,S00-T06,0,0,1,0x32,JP3,112,baffle-type-00.stl
7,S00-T07,0,4,1,0x33,JP4,151,baffle-type-04.stl
8,S00-T08,0,3,2,0x30,JP1,164,baffle-type-03.stl
9,S00-T09,0,5,2,0x31,JP2,186,baffle-type-05.stl
10,S00-T10,0,3,2,0x32,JP3,164,baffle-type-03.stl
11,S00-T11,0,2,2,0x33,JP4,151,baffle-type-02.stl
12,S00-T12,0,2,3,0x30,JP1,151,baffle-type-02.stl
13,S00-T13,0,1,3,0x31,JP2,142,baffle-type-01.stl
14,S00-T14,0,4,3,0x32,JP3,151,baffle-type-04.stl
15,S00-T15,0,0,3,0x33,JP4,112,baffle-type-00.stl
16,S01-T00,1,0,0,0x30,JP1,112,baffle-type-00.stl
17,S01-T01,1,1,0,0x31,JP2,142,baffle-type-01.stl
18,S01-T02,1,2,0,0x32,JP3,151,baffle-type-02.stl
19,S01-T03,1,3,0,0x33,JP4,164,baffle-type-03.stl
20,S01-T04,1,4,1,0x30,JP1,151,baffle-type-04.stl
21,S01-T05,1,1,1,0x31,JP2,142,baffle-type-01.stl
22,S01-T06,1,0,1,0x32,JP3,112,baffle-type-00.stl
23,S01-T07,1,4,1,0x33,JP4,151,baffle-type-04.stl
24,S01-T08,1,3,2,0x30,JP1,164,baffle-type-03.stl
25,S01-T09,1,5,2,0x31,JP2,186,baffle-type-05.stl
27,S01-T11,1,2,2,0x33,JP4,151,baffle-type-02.stl
28,S01-T12,1,2,3,0x30,JP1,151,baffle-type-02.stl
29,S01-T13,1,1,3,0x31,JP2,142,baffle-type-01.stl
32,S02-T00,2,0,0,0x30,JP1,112,baffle-type-00.stl
33,S02-T01,2,1,0,0x31,JP2,142,baffle-type-01.stl
34,S02-T02,2,2,0,0x32,JP3,151,baffle-type-02.stl
35,S02-T03,2,3,0,0x33,JP4,164,baffle-type-03.stl
39,S02-T07,2,4,1,0x33,JP4,151,baffle-type-04.stl
40,S02-T08,2,3,2,0x30,JP1,164,baffle-type-03.stl
41,S02-T09,2,5,2,0x31,JP2,186,baffle-type-05.stl
44,S02-T12,2,2,3,0x30,JP1,151,baffle-type-02.stl
45,S02-T13,2,1,3,0x31,JP2,142,baffle-type-01.stl
46,S02-T14,2,4,3,0x32,JP3,151,baffle-type-04.stl
47,S02-T15,2,0,3,0x33,JP4,112,baffle-type-00.stl
48,S03-T00,3,0,0,0x30,JP1,112,baffle-type-00.stl
49,S03-T01,3,1,0,0x31,JP2,142,baffle-type-01.stl
50,S03-T02,3,2,0,0x32,JP3,151,baffle-type-02.stl
51,S03-T03,3,3,0,0x33,JP4,164,baffle-type-03.stl
52,S03-T04,3,4,1,0x30,JP1,151,baffle-type-04.stl
53,S03-T05,3,1,1,0x31,JP2,142,baffle-type-01.stl
54,S03-T06,3,0,1,0x32,JP3,112,baffle-type-00.stl
55,S03-T07,3,4,1,0x33,JP4,151,baffle-type-04.stl
56,S03-T08,3,3,2,0x30,JP1,164,baffle-type-03.stl
57,S03-T09,3,5,2,0x31,JP2,186,baffle-type-05.stl
58,S03-T10,3,3,2,0x32,JP3,164,baffle-type-03.stl
59,S03-T11,3,2,2,0x33,JP4,151,baffle-type-02.stl
60,S03-T12,3,2,3,0x30,JP1,151,baffle-type-02.stl
61,S03-T13,3,1,3,0x31,JP2,142,baffle-type-01.stl
62,S03-T14,3,4,3,0x32,JP3,151,baffle-type-04.stl
64,S04-T00,4,0,0,0x30,JP1,112,baffle-type-00.stl
65,S04-T01,4,1,0,0x31,JP2,142,baffle-type-01.stl
66,S04-T02,4,2,0,0x32,JP3,151,baffle-type-02.stl
67,S04-T03,4,3,0,0x33,JP4,164,baffle-type-03.stl
71,S04-T07,4,4,1,0x33,JP4,151,baffle-type-04.stl
72,S04-T08,4,3,2,0x30,JP1,164,baffle-type-03.stl
73,S04-T09,4,5,2,0x31,JP2,186,baffle-type-05.stl
74,S04-T10,4,3,2,0x32,JP3,164,baffle-type-03.stl
75,S04-T11,4,2,2,0x33,JP4,151,baffle-type-02.stl
76,S04-T12,4,2,3,0x30,JP1,151,baffle-type-02.stl
77,S04-T13,4,1,3,0x31,JP2,142,baffle-type-01.stl
78,S04-T14,4,4,3,0x32,JP3,151,baffle-type-04.stl
79,S04-T15,4,0,3,0x33,JP4,112,baffle-type-00.stl
80,S05-T00,5,0,0,0x30,JP1,112,baffle-type-00.stl
81,S05-T01,5,1,0,0x31,JP2,142,baffle-type-01.stl
82,S05-T02,5,2,0,0x32,JP3,151,baffle-type-02.stl
83,S05-T03,5,3,0,0x33,JP4,164,baffle-type-03.stl
84,S05-T04,5,4,1,0x30,JP1,151,baffle-type-04.stl
85,S05-T05,5,1,1,0x31,JP2,142,baffle-type-01.stl
86,S05-T06,5,0,1,0x32,JP3,112,baffle-type-00.stl
87,S05-T07,5,4,1,0x33,JP4,151,baffle-type-04.stl
88,S05-T08,5,3,2,0x30,JP1,164,baffle-type-03.stl
89,S05-T09,5,5,2,0x31,JP2,186,baffle-type-05.stl
90,S05-T10,5,3,2,0x32,JP3,164,baffle-type-03.stl
91,S05-T11,5,2,2,0x33,JP4,151,baffle-type-02.stl
92,S05-T12,5,2,3,0x30,JP1,151,baffle-type-02.stl
93,S05-T13,5,1,3,0x31,JP2,142,baffle-type-01.stl
94,S05-T14,5,4,3,0x32,JP3,151,baffle-type-04.stl
96,S06-T00,6,0,0,0x30,JP1,112,baffle-type-00.stl
97,S06-T01,6,1,0,0x31,JP2,142,baffle-type-01.stl
98,S06-T02,6,2,0,0x32,JP3,151,baffle-type-02.stl
99,S06-T03,6,3,0,0x33,JP4,164,baffle-type-03.stl
100,S06-T04,6,4,1,0x30,JP1,151,baffle-type-04.stl
101,S06-T05,6,1,1,0x31,JP2,142,baffle-type-01.stl
102,S06-T06,6,0,1,0x32,JP3,112,baffle-type-00.stl
103,S06-T07,6,4,1,0x33,JP4,151,baffle-type-04.stl
104,S06-T08,6,3,2,0x30,JP1,164,baffle-type-03.stl
105,S06-T09,6,5,2,0x31,JP2,186,baffle-type-05.stl
106,S06-T10,6,3,2,0x32,JP3,164,baffle-type-03.stl
107,S06-T11,6,2,2,0x33,JP4,151,baffle-type-02.stl
108,S06-T12,6,2,3,0x30,JP1,151,baffle-type-02.stl
109,S06-T13,6,1,3,0x31,JP2,142,baffle-type-01.stl
112,S07-T00,7,0,0,0x30,JP1,112,baffle-type-00.stl
113,S07-T01,7,1,0,0x31,JP2,142,baffle-type-01.stl
114,S07-T02,7,2,0,0x32,JP3,151,baffle-type-02.stl
115,S07-T03,7,3,0,0x33,JP4,164,baffle-type-03.stl
116,S07-T04,7,4,1,0x30,JP1,151,baffle-type-04.stl
118,S07-T06,7,0,1,0x32,JP3,112,baffle-type-00.stl
119,S07-T07,7,4,1,0x33,JP4,151,baffle-type-04.stl
120,S07-T08,7,3,2,0x30,JP1,164,baffle-type-03.stl
121,S07-T09,7,5,2,0x31,JP2,186,baffle-type-05.stl
124,S07-T12,7,2,3,0x30,JP1,151,baffle-type-02.stl
125,S07-T13,7,1,3,0x31,JP2,142,baffle-type-01.stl
127,S07-T15,7,0,3,0x33,JP4,112,baffle-type-00.stl
130,S08-T02,8,2,0,0x32,JP3,151,baffle-type-02.stl
131,S08-T03,8,3,0,0x33,JP4,164,baffle-type-03.stl
132,S08-T04,8,4,1,0x30,JP1,151,baffle-type-04.stl
133,S08-T05,8,1,1,0x31,JP2,142,baffle-type-01.stl
134,S08-T06,8,0,1,0x32,JP3,112,baffle-type-00.stl
135,S08-T07,8,4,1,0x33,JP4,151,baffle-type-04.stl
136,S08-T08,8,3,2,0x30,JP1,164,baffle-type-03.stl
137,S08-T09,8,5,2,0x31,JP2,186,baffle-type-05.stl
138,S08-T10,8,3,2,0x32,JP3,164,baffle-type-03.stl
139,S08-T11,8,2,2,0x33,JP4,151,baffle-type-02.stl
140,S08-T12,8,2,3,0x30,JP1,151,baffle-type-02.stl
141,S08-T13,8,1,3,0x31,JP2,142,baffle-type-01.stl
143,S08-T15,8,0,3,0x33,JP4,112,baffle-type-00.stl
144,S09-T00,9,0,0,0x30,JP1,112,baffle-type-00.stl
146,S09-T02,9,2,0,0x32,JP3,151,baffle-type-02.stl
149,S09-T05,9,1,1,0x31,JP2,142,baffle-type-01.stl
155,S09-T11,9,2,2,0x33,JP4,151,baffle-type-02.stl
156,S09-T12,9,2,3,0x30,JP1,151,baffle-type-02.stl
157,S09-T13,9,1,3,0x31,JP2,142,baffle-type-01.stl
158,S09-T14,9,4,3,0x32,JP3,151,baffle-type-04.stl
160,S10-T00,10,0,0,0x30,JP1,112,baffle-type-00.stl
161,S10-T01,10,1,0,0x31,JP2,142,baffle-type-01.stl
162,S10-T02,10,2,0,0x32,JP3,151,baffle-type-02.stl
163,S10-T03,10,3,0,0x33,JP4,164,baffle-type-03.stl
167,S10-T07,10,4,1,0x33,JP4,151,baffle-type-04.stl
168,S10-T08,10,3,2,0x30,JP1,164,baffle-type-03.stl
169,S10-T09,10,5,2,0x31,JP2,186,baffle-type-05.stl
170,S10-T10,10,3,2,0x32,JP3,164,baffle-type-03.stl
171,S10-T11,10,2,2,0x33,JP4,151,baffle-type-02.stl
172,S10-T12,10,2,3,0x30,JP1,151,baffle-type-02.stl
174,S10-T14,10,4,3,0x32,JP3,151,baffle-type-04.stl
176,S11-T00,11,0,0,0x30,JP1,112,baffle-type-00.stl
177,S11-T01,11,1,0,0x31,JP2,142,baffle-type-01.stl
178,S11-T02,11,2,0,0x32,JP3,151,baffle-type-02.stl
179,S11-T03,11,3,0,0x33,JP4,164,baffle-type-03.stl
180,S11-T04,11,4,1,0x30,JP1,151,baffle-type-04.stl
183,S11-T07,11,4,1,0x33,JP4,151,baffle-type-04.stl
184,S11-T08,11,3,2,0x30,JP1,164,baffle-type-03.stl
185,S11-T09,11,5,2,0x31,JP2,186,baffle-type-05.stl
186,S11-T10,11,3,2,0x32,JP3,164,baffle-type-03.stl
187,S11-T11,11,2,2,0x33,JP4,151,baffle-type-02.stl
188,S11-T12,11,2,3,0x30,JP1,151,baffle-type-02.stl
189,S11-T13,11,1,3,0x31,JP2,142,baffle-type-01.stl
190,S11-T14,11,4,3,0x32,JP3,151,baffle-type-04.stl
191,S11-T15,11,0,3,0x33,JP4,112,baffle-type-00.stl
192,S12-T00,12,0,0,0x30,JP1,112,baffle-type-00.stl
194,S12-T02,12,2,0,0x32,JP3,151,baffle-type-02.stl
197,S12-T05,12,1,1,0x31,JP2,142,baffle-type-01.stl
198,S12-T06,12,0,1,0x32,JP3,112,baffle-type-00.stl
200,S12-T08,12,3,2,0x30,JP1,164,baffle-type-03.stl
205,S12-T13,12,1,3,0x31,JP2,142,baffle-type-01.stl
207,S12-T15,12,0,3,0x33,JP4,112,baffle-type-00.stl
208,S13-T00,13,0,0,0x30,JP1,112,baffle-type-00.stl
215,S13-T07,13,4,1,0x33,JP4,151,baffle-type-04.stl
220,S13-T12,13,2,3,0x30,JP1,151,baffle-type-02.stl
221,S13-T13,13,1,3,0x31,JP2,142,baffle-type-01.stl
224,S14-T00,14,0,0,0x30,JP1,112,baffle-type-00.stl
225,S14-T01,14,1,0,0x31,JP2,142,baffle-type-01.stl
226,S14-T02,14,2,0,0x32,JP3,151,baffle-type-02.stl
227,S14-T03,14,3,0,0x33,JP4,164,baffle-type-03.stl
228,S14-T04,14,4,1,0x30,JP1,151,baffle-type-04.stl
229,S14-T05,14,1,1,0x31,JP2,142,baffle-type-01.stl
231,S14-T07,14,4,1,0x33,JP4,151,baffle-type-04.stl
233,S14-T09,14,5,2,0x31,JP2,186,baffle-type-05.stl
234,S14-T10,14,3,2,0x32,JP3,164,baffle-type-03.stl
235,S14-T11,14,2,2,0x33,JP4,151,baffle-type-02.stl
237,S14-T13,14,1,3,0x31,JP2,142,baffle-type-01.stl
241,S15-T01,15,1,0,0x31,JP2,142,baffle-type-01.stl
242,S15-T02,15,2,0,0x32,JP3,151,baffle-type-02.stl
243,S15-T03,15,3,0,0x33,JP4,164,baffle-type-03.stl
247,S15-T07,15,4,1,0x33,JP4,151,baffle-type-04.stl
248,S15-T08,15,3,2,0x30,JP1,164,baffle-type-03.stl
249,S15-T09,15,5,2,0x31,JP2,186,baffle-type-05.stl
250,S15-T10,15,3,2,0x32,JP3,164,baffle-type-03.stl
251,S15-T11,15,2,2,0x33,JP4,151,baffle-type-02.stl
252,S15-T12,15,2,3,0x30,JP1,151,baffle-type-02.stl
253,S15-T13,15,1,3,0x31,JP2,142,baffle-type-01.stl
254,S15-T14,15,4,3,0x32,JP3,151,baffle-type-04.stl
255,S15-T15,15,0,3,0x33,JP4,112,baffle-type-00.stl
256,S16-T00,16,0,0,0x30,JP1,112,baffle-type-00.stl
257,S16-T01,16,1,0,0x31,JP2,142,baffle-type-01.stl
258,S16-T02,16,2,0,0x32,JP3,151,baffle-type-02.stl
259,S16-T03,16,3,0,0x33,JP4,164,baffle-type-03.stl
260,S16-T04,16,4,1,0x30,JP1,151,baffle-type-04.stl
263,S16-T07,16,4,1,0x33,JP4,151,baffle-type-04.stl
264,S16-T08,16,3,2,0x30,JP1,164,baffle-type-03.stl
265,S16-T09,16,5,2,0x31,JP2,186,baffle-type-05.stl
266,S16-T10,16,3,2,0x32,JP3,164,baffle-type-03.stl
267,S16-T11,16,2,2,0x33,JP4,151,baffle-type-02.stl
268,S16-T12,16,2,3,0x30,JP1,151,baffle-type-02.stl
269,S16-T13,16,1,3,0x31,JP2,142,baffle-type-01.stl
270,S16-T14,16,4,3,0x32,JP3,151,baffle-type-04.stl
271,S16-T15,16,0,3,0x33,JP4,112,baffle-type-00.stl
272,S17-T00,17,0,0,0x30,JP1,112,baffle-type-00.stl
273,S17-T01,17,1,0,0x31,JP2,142,baffle-type-01.stl
278,S17-T06,17,0,1,0x32,JP3,112,baffle-type-00.stl
279,S17-T07,17,4,1,0x33,JP4,151,baffle-type-04.stl
280,S17-T08,17,3,2,0x30,JP1,164,baffle-type-03.stl
284,S17-T12,17,2,3,0x30,JP1,151,baffle-type-02.stl
285,S17-T13,17,1,3,0x31,JP2,142,baffle-type-01.stl
286,S17-T14,17,4,3,0x32,JP3,151,baffle-type-04.stl
287,S17-T15,17,0,3,0x33,JP4,112,baffle-type-00.stl
289,S18-T01,18,1,0,0x31,JP2,142,baffle-type-01.stl
295,S18-T07,18,4,1,0x33,JP4,151,baffle-type-04.stl
296,S18-T08,18,3,2,0x30,JP1,164,baffle-type-03.stl
297,S18-T09,18,5,2,0x31,JP2,186,baffle-type-05.stl
298,S18-T10,18,3,2,0x32,JP3,164,baffle-type-03.stl
300,S18-T12,18,2,3,0x30,JP1,151,baffle-type-02.stl
301,S18-T13,18,1,3,0x31,JP2,142,baffle-type-01.stl
302,S18-T14,18,4,3,0x32,JP3,151,baffle-type-04.stl
303,S18-T15,18,0,3,0x33,JP4,112,baffle-type-00.stl
306,S19-T02,19,2,0,0x32,JP3,151,baffle-type-02.stl
308,S19-T04,19,4,1,0x30,JP1,151,baffle-type-04.stl
309,S19-T05,19,1,1,0x31,JP2,142,baffle-type-01.stl
311,S19-T07,19,4,1,0x33,JP4,151,baffle-type-04.stl
315,S19-T11,19,2,2,0x33,JP4,151,baffle-type-02.stl
318,S19-T14,19,4,3,0x32,JP3,151,baffle-type-04.stl
