Ref,Val,Package,PosX,PosY,Rot,Side
"R1","1k 1%","Resistor_SMD__R_0603_1608Metric",50.100000,-66.400000,90.000000,bottom
"R2","1k 1%","Resistor_SMD__R_0603_1608Metric",52.300000,-66.400000,90.000000,bottom
"R3","1k 1%","Resistor_SMD__R_0603_1608Metric",54.500000,-66.400000,90.000000,bottom
"R4","1k 1%","Resistor_SMD__R_0603_1608Metric",56.700000,-66.400000,90.000000,bottom
"R5","1k 1%","Resistor_SMD__R_0603_1608Metric",58.900000,-66.400000,90.000000,bottom
"R6","1k 1%","Resistor_SMD__R_0603_1608Metric",61.100000,-66.400000,90.000000,bottom
"R7","1k 1%","Resistor_SMD__R_0603_1608Metric",63.300000,-66.400000,90.000000,bottom
"R8","1k 1%","Resistor_SMD__R_0603_1608Metric",65.500000,-66.400000,90.000000,bottom
"R9","1k 1%","Resistor_SMD__R_0603_1608Metric",67.700000,-66.400000,90.000000,bottom
"R10","1k 1%","Resistor_SMD__R_0603_1608Metric",69.900000,-66.400000,90.000000,bottom
"D1","Amber 590nm 1005","LED_SMD__LED_0402_1005Metric",57.000000,-70.000000,0.000000,top
"D2","Amber 590nm 1005","LED_SMD__LED_0402_1005Metric",59.000000,-70.000000,0.000000,top
"D3","Amber 590nm 1005","LED_SMD__LED_0402_1005Metric",67.000000,-70.000000,0.000000,top
"D4","Amber 590nm 1005","LED_SMD__LED_0402_1005Metric",69.000000,-70.000000,0.000000,top
"D5","Amber 590nm 1005","LED_SMD__LED_0402_1005Metric",67.000000,-68.000000,0.000000,top
"D6","Amber 590nm 1005","LED_SMD__LED_0402_1005Metric",69.000000,-68.000000,0.000000,top
"D7","Amber 590nm 1005","LED_SMD__LED_0402_1005Metric",69.000000,-66.000000,0.000000,top
"D8","Amber 590nm 1005","LED_SMD__LED_0402_1005Metric",71.000000,-66.000000,0.000000,top
"D9","Amber 590nm 1005","LED_SMD__LED_0402_1005Metric",69.000000,-64.000000,0.000000,top
"D10","Amber 590nm 1005","LED_SMD__LED_0402_1005Metric",71.000000,-64.000000,0.000000,top
